,DATE,TIME,SITE ID,PERSON ID,LOCATION,SHIFT,DURATION,LABEL,ISSUE TYPE,RANK,survival
0,09-01-19,21:40:29,1,1293,aizwal,Night,0,1,ear-safety,1,0.9705725913603264
1,19-01-19,18:50:19,1,1843,aizwal,Night,10,1,design-fixing,5,0.962627931676613
2,22-01-19,09:58:54,1,1496,aizwal,Day,13,1,normal-operation,2,0.9530016523598471
3,11-01-19,13:39:54,1,1104,aizwal,Day,2,1,threading-process,6,0.9459319071642998
4,06-01-19,15:31:20,1,1577,aizwal,Day,-3,1,machine-malfunction,10,0.938388590520246
5,13-01-19,15:44:04,1,1307,aizwal,Day,4,1,design-fixing,5,0.9320588192519809
6,10-01-19,21:03:22,1,1535,aizwal,Night,1,1,threading-process,6,0.9254601727440015
7,20-01-19,18:56:55,1,1342,aizwal,Night,11,1,emboidery-inprocess,0,0.9185794279652358
8,06-01-19,09:58:40,1,1415,aizwal,Day,-3,1,material-fixing,4,0.9131971266295019
9,22-01-19,01:32:54,1,1826,aizwal,Night,13,1,normal-operation,2,0.9075133270861646
10,25-01-19,12:02:48,1,1884,aizwal,Day,16,1,design-fixing,5,0.8994822356960209
11,11-01-19,14:14:03,1,1579,aizwal,Day,2,1,threading-process,6,0.8908333680450979
12,28-01-19,15:49:43,1,1541,aizwal,Day,19,1,emboidery-inprocess,0,0.88610746158332
13,07-01-19,10:32:13,1,1505,aizwal,Day,-2,1,normal-operation,2,0.867864072668369
14,12-01-19,01:48:09,1,1768,aizwal,Night,3,1,machine-malfunction,10,0.8564822487645211
15,04-01-19,21:36:16,1,1480,aizwal,Night,-5,1,design-fixing,5,0.8439330583064327
16,04-01-19,23:27:04,1,1144,aizwal,Night,-5,1,material-fixing,4,0.8229222767718329
17,15-01-19,03:29:31,1,1836,aizwal,Night,6,1,material-fixing,4,0.8188484041145463
18,22-01-19,19:41:50,1,1916,aizwal,Night,13,1,normal-operation,2,0.8092712297974168
19,10-01-19,01:24:15,1,1674,aizwal,Night,1,1,ear-safety,1,0.7924114125099707
20,30-01-19,21:46:38,1,1975,aizwal,Night,21,1,ear-safety,1,0.7793137032122852
21,18-01-19,03:49:47,1,1414,aizwal,Night,9,1,labour-malpractice,9,0.7158811924857041
22,12-01-19,10:25:09,1,1711,aizwal,Day,3,1,material-fixing,4,0.6673468743510801
23,09-01-19,15:11:51,1,1767,aizwal,Day,0,1,material-fixing,4,0.5684806707435126
24,10-01-19,19:07:54,1,1889,aizwal,Night,1,1,repair-proccess,7,
25,30-01-19,13:29:48,1,1612,aizwal,Day,21,1,machine-malfunction,10,
26,08-01-19,18:13:32,1,1637,aizwal,Night,-1,1,machine-malfunction,10,
27,28-01-19,09:02:41,1,1186,aizwal,Day,19,1,machine-malfunction,10,
28,27-01-19,20:29:23,1,1241,aizwal,Night,18,1,machine-malfunction,10,
29,04-01-19,15:32:23,1,1355,aizwal,Day,-5,1,normal-operation,2,
30,23-01-19,09:53:43,1,1580,aizwal,Day,14,1,labour-malpractice,9,
31,11-01-19,02:34:07,1,1103,aizwal,Night,2,1,normal-operation,2,
32,24-01-19,10:52:13,1,1020,aizwal,Day,15,1,machine-malfunction,10,
33,16-01-19,20:05:03,1,1391,aizwal,Night,7,1,emboidery-inprocess,0,
34,01-01-19,20:26:19,1,1016,aizwal,Night,-8,1,ear-safety,1,
35,24-01-19,08:32:34,1,1145,aizwal,Day,15,1,design-fixing,5,
36,02-01-19,10:22:01,1,1269,aizwal,Day,-7,1,emboidery-inprocess,0,
37,29-01-19,15:00:12,1,1668,aizwal,Day,20,1,ear-safety,1,
38,01-02-19,15:24:18,1,1973,aizwal,Day,23,1,material-fixing,4,
39,25-01-19,10:13:58,1,1830,aizwal,Day,16,1,threading-process,6,
40,25-01-19,11:25:36,2,1502,amristar,Day,16,1,labour-malpractice,9,
41,10-01-19,08:29:24,2,1232,amristar,Day,1,1,machine-malfunction,10,
42,22-01-19,11:19:47,2,1898,amristar,Day,13,1,emboidery-inprocess,0,
43,06-01-19,13:11:56,2,1510,amristar,Day,-3,1,repair-proccess,7,
44,30-01-19,01:04:27,2,1369,amristar,Night,21,1,material-fixing,4,
45,22-01-19,09:18:15,2,1286,amristar,Day,13,1,machine-malfunction,10,
46,08-01-19,01:48:29,2,1712,amristar,Night,-1,1,threading-process,6,
47,28-01-19,14:03:28,2,1285,amristar,Day,19,1,machine-malfunction,10,
48,20-01-19,08:58:40,2,1842,amristar,Day,11,1,ear-safety,1,
49,29-01-19,09:06:40,2,1274,amristar,Day,20,1,normal-operation,2,
50,30-01-19,09:47:26,2,1039,amristar,Day,21,1,repair-proccess,7,
51,18-01-19,01:25:05,2,1273,amristar,Night,9,1,design-fixing,5,
52,22-01-19,12:22:35,2,1109,amristar,Day,13,1,threading-process,6,
53,13-01-19,01:26:56,2,1180,amristar,Night,4,1,design-fixing,5,
54,05-01-19,08:57:00,2,1307,amristar,Day,-4,1,normal-operation,2,
55,11-01-19,02:48:12,2,1384,amristar,Night,2,1,repair-proccess,7,
56,13-01-19,01:54:07,2,1410,amristar,Night,4,1,labour-malpractice,9,
57,24-01-19,12:33:58,2,1436,amristar,Day,15,1,ear-safety,1,
58,13-01-19,09:26:02,2,1403,amristar,Day,4,1,emboidery-inprocess,0,
59,22-01-19,19:42:03,2,1692,amristar,Night,13,1,repair-proccess,7,
60,19-01-19,02:15:04,2,1459,amristar,Night,10,1,labour-malpractice,9,
61,26-01-19,20:23:24,2,1386,amristar,Night,17,1,normal-operation,2,
62,23-01-19,11:28:31,2,1990,amristar,Day,14,1,repair-proccess,7,
63,11-01-19,02:35:35,2,1307,amristar,Night,2,1,material-fixing,4,
64,25-01-19,12:02:38,2,1077,amristar,Day,16,1,threading-process,6,
65,14-01-19,03:19:51,2,1598,amristar,Night,5,1,material-fixing,4,
66,20-01-19,14:51:19,2,1085,amristar,Day,11,1,labour-malpractice,9,
67,05-01-19,18:29:34,2,1172,amristar,Night,-4,1,machine-malfunction,10,
68,21-01-19,10:12:37,2,1239,amristar,Day,12,1,labour-malpractice,9,
69,11-01-19,11:53:44,2,1799,amristar,Day,2,1,labour-malpractice,9,
70,11-01-19,21:43:55,2,1417,amristar,Night,2,1,material-fixing,4,
71,25-01-19,08:47:22,2,1735,amristar,Day,16,1,normal-operation,2,
72,03-01-19,01:00:34,2,1800,amristar,Night,-6,1,emboidery-inprocess,0,
73,15-01-19,02:10:28,2,1784,amristar,Night,6,1,labour-malpractice,9,
74,19-01-19,09:03:23,2,1610,amristar,Day,10,1,repair-proccess,7,
75,17-01-19,18:45:16,2,1449,amristar,Night,8,1,machine-malfunction,10,
76,16-01-19,08:09:45,2,1591,amristar,Day,7,1,machine-malfunction,10,
77,03-01-19,02:57:02,2,1987,amristar,Night,-6,0,ear-safety,1,
78,17-01-19,15:53:26,2,1643,amristar,Day,8,0,machine-malfunction,10,
79,25-01-19,08:42:04,2,1205,amristar,Day,16,0,threading-process,6,
80,21-01-19,22:10:34,3,1582,Bangalore,Night,12,0,machine-malfunction,10,
81,12-01-19,19:53:05,3,1597,bangalore,Night,3,0,design-fixing,5,
82,29-01-19,21:28:28,3,1215,bangalore,Night,20,0,ear-safety,1,
83,10-01-19,15:09:48,3,1576,bangalore,Day,1,0,ear-safety,1,
84,17-01-19,15:46:01,3,1489,Bangalore,Day,8,0,design-fixing,5,
85,07-01-19,15:58:55,3,1653,Bangalore,Day,-2,0,repair-proccess,7,
86,07-01-19,13:15:13,3,1706,bangalore,Day,-2,0,threading-process,6,
87,05-01-19,20:30:37,3,1272,Bangalore,Night,-4,0,repair-proccess,7,
88,26-01-19,18:03:17,3,1219,bangalore,Night,17,0,machine-malfunction,10,
89,11-01-19,19:57:24,3,1185,bangalore,Night,2,0,material-fixing,4,
90,13-01-19,18:23:59,3,1595,bangalore,Night,4,0,ear-safety,1,
91,15-01-19,09:53:19,3,1570,bangalore,Day,6,0,labour-malpractice,9,
92,04-01-19,18:39:24,3,1436,bangalore,Night,-5,0,repair-proccess,7,
93,04-01-19,18:18:48,3,1966,bangalore,Night,-5,0,threading-process,6,
94,21-01-19,03:00:47,3,1448,bangalore,Night,12,0,labour-malpractice,9,
95,25-01-19,13:22:54,3,1114,bangalore,Day,16,0,material-fixing,4,
96,08-01-19,03:51:58,3,1297,bangalore,Night,-1,0,threading-process,6,
97,09-01-19,15:41:39,3,1729,bangalore,Day,0,0,material-fixing,4,
98,23-01-19,20:43:52,3,1777,bangalore,Night,14,0,normal-operation,2,
99,11-01-19,21:53:03,3,1497,bangalore,Night,2,0,labour-malpractice,9,
100,29-01-19,20:42:54,3,1171,bangalore,Night,20,0,design-fixing,5,
101,12-01-19,22:29:27,3,1640,bangalore,Night,3,0,threading-process,6,
102,12-01-19,22:41:19,3,1372,bangalore,Night,3,0,labour-malpractice,9,
103,05-01-19,21:22:16,3,1085,bangalore,Night,-4,0,emboidery-inprocess,0,
104,05-01-19,01:28:37,3,1053,bangalore,Night,-4,0,emboidery-inprocess,0,
105,15-01-19,02:08:30,3,1364,bangalore,Night,6,0,machine-malfunction,10,
106,17-01-19,11:10:08,3,1503,bangalore,Day,8,0,emboidery-inprocess,0,
107,01-02-19,08:48:59,3,1861,bangalore,Day,23,0,repair-proccess,7,
108,24-01-19,08:31:22,3,1925,bangalore,Day,15,0,labour-malpractice,9,
109,01-02-19,13:06:02,3,1473,bangalore,Day,23,0,ear-safety,1,
110,29-01-19,20:51:43,3,1054,bangalore,Night,20,0,material-fixing,4,
111,27-01-19,19:13:50,3,1351,bangalore,Night,18,0,design-fixing,5,
112,18-01-19,01:16:01,3,1445,bangalore,Night,9,0,normal-operation,2,
113,09-01-19,18:13:03,3,1063,bangalore,Night,0,0,machine-malfunction,10,
114,30-01-19,08:11:54,3,1603,bangalore,Day,21,0,emboidery-inprocess,0,
115,07-01-19,15:21:02,3,1664,bangalore,Day,-2,0,repair-proccess,7,
116,18-01-19,12:20:14,3,1152,bangalore,Day,9,0,emboidery-inprocess,0,
117,19-01-19,12:43:21,3,1556,bangalore,Day,10,0,ear-safety,1,
118,11-01-19,19:45:06,3,1303,bangalore,Night,2,0,normal-operation,2,
119,12-01-19,02:56:46,3,1472,bangalore,Night,3,0,machine-malfunction,10,
120,02-01-19,13:06:29,4,1629,bastar,Day,-7,0,labour-malpractice,9,
121,12-01-19,21:05:48,4,1888,bastar,Night,3,0,threading-process,6,
122,03-01-19,13:15:53,4,1898,bastar,Day,-6,0,ear-safety,1,
123,10-01-19,21:12:55,4,1281,bastar,Night,1,0,repair-proccess,7,
124,02-01-19,01:47:07,4,1036,bastar,Night,-7,0,emboidery-inprocess,0,
125,12-01-19,21:36:43,4,1438,bastar,Night,3,0,design-fixing,5,
126,19-01-19,10:19:35,4,1104,bastar,Day,10,0,emboidery-inprocess,0,
127,26-01-19,11:10:34,4,1468,bastar,Day,17,0,material-fixing,4,
128,18-01-19,21:04:31,4,1997,bastar,Night,9,0,labour-malpractice,9,
129,10-01-19,19:59:30,4,1703,bastar,Night,1,0,design-fixing,5,
130,31-01-19,09:48:59,4,1087,bastar,Day,22,0,labour-malpractice,9,
131,03-01-19,01:26:29,4,1401,bastar,Night,-6,0,material-fixing,4,
132,31-01-19,09:08:35,4,1046,bastar,Day,22,0,normal-operation,2,
133,25-01-19,08:37:20,4,1580,bastar,Day,16,0,threading-process,6,
134,23-01-19,03:13:41,4,1282,bastar,Night,14,0,machine-malfunction,10,
135,23-01-19,03:45:03,4,1527,bastar,Night,14,0,repair-proccess,7,
136,17-01-19,02:38:26,4,1654,bastar,Night,8,0,ear-safety,1,
137,24-01-19,03:10:25,4,1864,bastar,Night,15,0,material-fixing,4,
138,24-01-19,10:56:49,4,1313,bastar,Day,15,0,emboidery-inprocess,0,
139,22-01-19,21:33:43,4,1334,bastar,Night,13,0,threading-process,6,
140,31-01-19,19:06:58,4,1780,bastar,Night,22,0,machine-malfunction,10,
141,14-01-19,10:47:48,4,1807,bastar,Day,5,0,material-fixing,4,
142,22-01-19,15:03:42,4,1395,bastar,Day,13,0,labour-malpractice,9,
143,03-01-19,03:04:14,4,1160,bastar,Night,-6,0,emboidery-inprocess,0,
144,24-01-19,01:58:06,4,1279,bastar,Night,15,0,ear-safety,1,
145,19-01-19,13:34:46,4,1278,bastar,Day,10,0,ear-safety,1,
146,10-01-19,09:56:03,4,1871,bastar,Day,1,0,repair-proccess,7,
147,05-01-19,15:09:20,4,1032,bastar,Day,-4,0,emboidery-inprocess,0,
148,29-01-19,14:51:32,4,1245,bastar,Day,20,0,design-fixing,5,
149,21-01-19,11:15:13,4,1741,bastar,Day,12,0,machine-malfunction,10,
150,08-01-19,01:45:55,4,1519,bastar,Night,-1,0,labour-malpractice,9,
151,31-01-19,02:26:23,4,1029,bastar,Night,22,0,repair-proccess,7,
152,14-01-19,22:20:02,4,1689,bastar,Night,5,0,labour-malpractice,9,
153,01-01-19,21:27:53,4,1941,bastar,Night,-8,0,labour-malpractice,9,
154,04-01-19,15:02:08,4,1493,bastar,Day,-5,0,material-fixing,4,
155,01-01-19,02:16:26,4,1846,bastar,Night,-8,0,labour-malpractice,9,
156,28-01-19,03:06:54,4,1098,bastar,Night,19,0,normal-operation,2,
157,11-01-19,20:48:33,4,1077,bastar,Night,2,0,normal-operation,2,
158,02-01-19,23:04:32,4,1916,bastar,Night,-7,0,labour-malpractice,9,
159,21-01-19,14:48:10,4,1994,bastar,Day,12,0,material-fixing,4,
160,20-01-19,03:56:35,5,1021,bhojpur,Night,11,0,design-fixing,5,
161,09-01-19,01:16:32,5,1727,bhojpur,Night,0,0,material-fixing,4,
162,21-01-19,14:16:13,5,1098,bhojpur,Day,12,0,design-fixing,5,
163,31-01-19,12:15:38,5,1203,bhojpur,Day,22,0,material-fixing,4,
164,02-01-19,20:18:44,5,1243,bhojpur,Night,-7,0,emboidery-inprocess,0,
165,01-01-19,12:10:47,5,1200,bhojpur,Day,-8,0,repair-proccess,7,
166,18-01-19,22:11:01,5,1355,bhojpur,Night,9,0,material-fixing,4,
167,25-01-19,01:13:29,5,1445,bhojpur,Night,16,0,design-fixing,5,
168,04-01-19,03:51:25,5,1048,bhojpur,Night,-5,0,machine-malfunction,10,
169,13-01-19,18:21:07,5,1144,bhojpur,Night,4,0,normal-operation,2,
170,16-01-19,15:16:10,5,1983,bhojpur,Day,7,0,normal-operation,2,
171,22-01-19,14:50:04,5,1996,bhojpur,Day,13,0,material-fixing,4,
172,08-01-19,09:50:27,5,1229,bhojpur,Day,-1,0,threading-process,6,
173,22-01-19,12:00:20,5,1643,bhojpur,Day,13,0,material-fixing,4,
174,07-01-19,10:44:06,5,1058,bhojpur,Day,-2,0,repair-proccess,7,
175,29-01-19,11:10:02,5,1151,bhojpur,Day,20,0,threading-process,6,
176,21-01-19,01:10:08,5,1680,bhojpur,Night,12,0,material-fixing,4,
177,26-01-19,14:51:29,5,1914,bhojpur,Day,17,0,labour-malpractice,9,
178,09-01-19,12:20:04,5,1193,bhojpur,Day,0,0,ear-safety,1,
179,24-01-19,03:12:02,5,1013,bhojpur,Night,15,0,labour-malpractice,9,
180,05-01-19,11:18:12,5,1520,bhojpur,Day,-4,0,repair-proccess,7,
181,20-01-19,21:48:54,5,1752,bhojpur,Night,11,0,labour-malpractice,9,
182,16-01-19,12:21:22,5,1886,bhojpur,Day,7,0,repair-proccess,7,
183,20-01-19,10:40:48,5,1140,bhojpur,Day,11,0,threading-process,6,
184,08-01-19,15:16:32,5,1036,bhojpur,Day,-1,0,design-fixing,5,
185,28-01-19,02:33:23,5,1961,bhojpur,Night,19,0,design-fixing,5,
186,20-01-19,20:18:12,5,1913,bhojpur,Night,11,0,labour-malpractice,9,
187,03-01-19,15:50:40,5,1462,bhojpur,Day,-6,0,normal-operation,2,
188,08-01-19,10:36:20,5,1572,bhojpur,Day,-1,0,machine-malfunction,10,
189,15-01-19,11:08:22,5,1091,bhojpur,Day,6,0,material-fixing,4,
190,27-01-19,21:58:32,5,1489,bhojpur,Night,18,0,material-fixing,4,
191,09-01-19,11:33:52,5,1659,bhojpur,Day,0,0,machine-malfunction,10,
192,22-01-19,09:10:48,5,1457,bhojpur,Day,13,0,labour-malpractice,9,
193,15-01-19,02:37:35,5,1935,bhojpur,Night,6,0,labour-malpractice,9,
194,05-01-19,12:16:17,5,1640,bhojpur,Day,-4,0,threading-process,6,
195,29-01-19,21:42:21,5,1794,bhojpur,Night,20,0,labour-malpractice,9,
196,06-01-19,09:16:01,5,1367,bhojpur,Day,-3,0,material-fixing,4,
197,02-01-19,12:36:44,5,1584,bhojpur,Day,-7,0,material-fixing,4,
198,04-01-19,12:19:15,5,1736,bhojpur,Day,-5,0,emboidery-inprocess,0,
199,14-01-19,01:33:04,5,1575,bhojpur,Night,5,0,ear-safety,1,
200,10-01-19,20:01:53,6,1267,cochin,Night,1,0,machine-malfunction,10,
201,23-01-19,18:03:44,6,1905,cochin,Night,14,0,machine-malfunction,10,
202,13-01-19,11:16:02,6,1584,cochin,Day,4,0,machine-malfunction,10,
203,07-01-19,20:31:54,6,1780,cochin,Night,-2,0,machine-malfunction,10,
204,04-01-19,13:58:43,6,1444,cochin,Day,-5,0,machine-malfunction,10,
205,03-01-19,20:47:45,6,1478,cochin,Night,-6,0,machine-malfunction,10,
206,12-01-19,09:18:17,6,1443,cochin,Day,3,0,machine-malfunction,10,
207,19-01-19,15:19:56,6,1450,cochin,Day,10,0,machine-malfunction,10,
208,05-01-19,19:45:37,6,1102,cochin,Night,-4,0,machine-malfunction,10,
209,17-01-19,21:30:35,6,1589,cochin,Night,8,0,machine-malfunction,10,
210,26-01-19,13:23:48,6,1091,cochin,Day,17,0,machine-malfunction,10,
211,26-01-19,13:34:15,6,1488,cochin,Day,17,0,machine-malfunction,10,
212,21-01-19,02:23:58,6,1608,cochin,Night,12,0,machine-malfunction,10,
213,26-01-19,15:19:19,6,1396,cochin,Day,17,0,machine-malfunction,10,
214,09-01-19,13:15:27,6,1330,cochin,Day,0,0,machine-malfunction,10,
215,24-01-19,02:13:17,6,1975,cochin,Night,15,0,machine-malfunction,10,
216,16-01-19,02:52:47,6,1305,cochin,Night,7,0,machine-malfunction,10,
217,05-01-19,11:05:21,6,1377,cochin,Day,-4,0,machine-malfunction,10,
218,05-01-19,20:37:25,6,1963,cochin,Night,-4,0,machine-malfunction,10,
219,09-01-19,10:39:49,6,1374,cochin,Day,0,0,machine-malfunction,10,
220,24-01-19,08:24:19,6,1579,cochin,Day,15,0,machine-malfunction,10,
221,31-01-19,21:40:12,6,1879,cochin,Night,22,0,machine-malfunction,10,
222,16-01-19,12:18:33,6,1650,cochin,Day,7,0,machine-malfunction,10,
223,06-01-19,21:10:13,6,1808,cochin,Night,-3,0,machine-malfunction,10,
224,07-01-19,12:19:10,6,1397,cochin,Day,-2,0,machine-malfunction,10,
225,31-01-19,22:53:19,6,1891,cochin,Night,22,0,machine-malfunction,10,
226,02-01-19,02:46:35,6,1048,cochin,Night,-7,0,machine-malfunction,10,
227,04-01-19,12:22:59,6,1039,cochin,Day,-5,0,machine-malfunction,10,
228,17-01-19,20:34:36,6,1714,cochin,Night,8,0,machine-malfunction,10,
229,12-01-19,20:06:23,6,1866,cochin,Night,3,0,machine-malfunction,10,
230,18-01-19,14:22:48,6,1914,cochin,Day,9,0,machine-malfunction,10,
231,30-01-19,15:55:18,6,1502,cochin,Day,21,0,machine-malfunction,10,
232,15-01-19,14:47:56,6,1693,cochin,Day,6,0,machine-malfunction,10,
233,12-01-19,10:53:52,6,1083,cochin,Day,3,0,machine-malfunction,10,
234,09-01-19,20:32:56,6,1843,cochin,Night,0,0,machine-malfunction,10,
235,25-01-19,23:44:13,6,1828,cochin,Night,16,0,machine-malfunction,10,
236,27-01-19,08:10:46,6,1981,cochin,Day,18,0,machine-malfunction,10,
237,14-01-19,21:48:25,6,1336,cochin,Night,5,0,machine-malfunction,10,
238,27-01-19,11:24:39,6,1133,cochin,Day,18,0,machine-malfunction,10,
239,07-01-19,09:45:03,6,1399,cochin,Day,-2,0,machine-malfunction,10,
240,19-01-19,15:57:46,7,1463,coimbatore,Day,10,0,machine-malfunction,10,
241,01-01-19,13:11:45,7,1699,coimbatore,Day,-8,0,threading-process,6,
242,01-02-19,12:10:37,7,1101,coimbatore,Day,23,0,ear-safety,1,
243,30-01-19,10:41:59,7,1205,coimbatore,Day,21,0,machine-malfunction,10,
244,19-01-19,01:08:07,7,1498,coimbatore,Night,10,0,emboidery-inprocess,0,
245,26-01-19,10:07:37,7,1345,coimbatore,Day,17,0,repair-proccess,7,
246,13-01-19,21:25:01,7,1133,coimbatore,Night,4,0,threading-process,6,
247,30-01-19,12:07:15,7,1056,coimbatore,Day,21,0,normal-operation,2,
248,28-01-19,08:06:47,7,1966,coimbatore,Day,19,0,ear-safety,1,
249,31-01-19,11:49:46,7,1477,coimbatore,Day,22,0,labour-malpractice,9,
250,26-01-19,01:31:40,7,1292,coimbatore,Night,17,0,material-fixing,4,
251,17-01-19,15:51:36,7,1399,coimbatore,Day,8,0,design-fixing,5,
252,21-01-19,08:42:31,7,1332,coimbatore,Day,12,0,threading-process,6,
253,28-01-19,21:09:54,7,1711,coimbatore,Night,19,0,normal-operation,2,
254,13-01-19,03:49:59,7,1912,coimbatore,Night,4,0,emboidery-inprocess,0,
255,11-01-19,19:46:17,7,1375,coimbatore,Night,2,0,labour-malpractice,9,
256,26-01-19,12:52:39,7,1110,coimbatore,Day,17,0,material-fixing,4,
257,25-01-19,13:05:47,7,1198,coimbatore,Day,16,0,design-fixing,5,
258,21-01-19,14:07:40,7,1189,coimbatore,Day,12,0,labour-malpractice,9,
259,26-01-19,15:12:06,7,1512,coimbatore,Day,17,0,ear-safety,1,
260,31-01-19,22:00:42,7,1279,coimbatore,Night,22,0,material-fixing,4,
261,17-01-19,11:25:47,7,1041,coimbatore,Day,8,0,machine-malfunction,10,
262,06-01-19,12:13:41,7,1449,coimbatore,Day,-3,0,emboidery-inprocess,0,
263,07-01-19,21:35:17,7,1187,coimbatore,Night,-2,0,labour-malpractice,9,
264,20-01-19,03:56:04,7,1182,coimbatore,Night,11,0,normal-operation,2,
265,14-01-19,21:32:41,7,1496,coimbatore,Night,5,0,design-fixing,5,
266,13-01-19,10:55:54,7,1966,coimbatore,Day,4,0,machine-malfunction,10,
267,20-01-19,12:25:51,7,1055,coimbatore,Day,11,0,emboidery-inprocess,0,
268,06-01-19,01:47:11,7,1657,coimbatore,Night,-3,0,design-fixing,5,
269,05-01-19,11:34:10,7,1395,coimbatore,Day,-4,0,threading-process,6,
270,22-01-19,12:44:45,7,1300,coimbatore,Day,13,0,machine-malfunction,10,
271,12-01-19,01:03:35,7,1820,coimbatore,Night,3,0,design-fixing,5,
272,15-01-19,10:36:21,7,1631,coimbatore,Day,6,0,ear-safety,1,
273,02-01-19,03:03:51,7,1654,coimbatore,Night,-7,0,repair-proccess,7,
274,10-01-19,02:15:40,7,1679,coimbatore,Night,1,0,emboidery-inprocess,0,
275,14-01-19,19:16:25,7,1405,coimbatore,Night,5,0,labour-malpractice,9,
276,13-01-19,15:42:11,7,1740,coimbatore,Day,4,0,labour-malpractice,9,
277,06-01-19,12:57:48,7,1493,coimbatore,Day,-3,0,emboidery-inprocess,0,
278,20-01-19,19:59:14,7,1882,coimbatore,Night,11,0,labour-malpractice,9,
279,20-01-19,21:04:42,7,1981,coimbatore,Night,11,0,design-fixing,5,
280,30-01-19,14:06:21,8,1510,dholpur,Day,21,0,machine-malfunction,10,
281,20-01-19,20:22:37,8,1818,dholpur,Night,11,0,ear-safety,1,
282,11-01-19,01:49:23,8,1545,dholpur,Night,2,0,design-fixing,5,
283,23-01-19,01:36:15,8,1105,dholpur,Night,14,0,design-fixing,5,
284,26-01-19,03:25:24,8,1552,dholpur,Night,17,0,normal-operation,2,
285,10-01-19,08:51:22,8,1492,dholpur,Day,1,0,ear-safety,1,
286,05-01-19,11:02:37,8,1363,dholpur,Day,-4,0,design-fixing,5,
287,23-01-19,19:39:54,8,1540,dholpur,Night,14,0,ear-safety,1,
288,07-01-19,18:33:03,8,1380,dholpur,Night,-2,0,emboidery-inprocess,0,
289,19-01-19,09:17:34,8,1252,dholpur,Day,10,0,labour-malpractice,9,
290,10-01-19,15:53:51,8,1892,dholpur,Day,1,0,ear-safety,1,
291,16-01-19,20:10:51,8,1327,dholpur,Night,7,0,ear-safety,1,
292,27-01-19,01:11:32,8,1455,dholpur,Night,18,0,ear-safety,1,
293,12-01-19,09:48:36,8,1839,dholpur,Day,3,0,ear-safety,1,
294,22-01-19,15:42:28,8,1629,dholpur,Day,13,0,repair-proccess,7,
295,06-01-19,12:00:13,8,1319,dholpur,Day,-3,0,ear-safety,1,
296,13-01-19,11:45:46,8,1007,dholpur,Day,4,0,normal-operation,2,
297,28-01-19,02:12:19,8,1453,dholpur,Night,19,0,labour-malpractice,9,
298,01-02-19,21:50:54,8,1805,dholpur,Night,23,0,machine-malfunction,10,
299,10-01-19,15:27:18,8,1340,dholpur,Day,1,0,material-fixing,4,
300,19-01-19,14:35:50,8,1454,dholpur,Day,10,0,normal-operation,2,
301,08-01-19,20:00:52,8,1430,dholpur,Night,-1,0,design-fixing,5,
302,13-01-19,09:13:29,8,1275,dholpur,Day,4,0,emboidery-inprocess,0,
303,22-01-19,01:05:31,8,1746,dholpur,Night,13,0,labour-malpractice,9,
304,07-01-19,08:36:19,8,1014,dholpur,Day,-2,0,repair-proccess,7,
305,12-01-19,13:46:00,8,1526,dholpur,Day,3,0,ear-safety,1,
306,27-01-19,01:57:48,8,1718,dholpur,Night,18,0,labour-malpractice,9,
307,16-01-19,13:45:21,8,1017,dholpur,Day,7,0,labour-malpractice,9,
308,17-01-19,03:21:53,8,1176,dholpur,Night,8,0,labour-malpractice,9,
309,26-01-19,21:40:49,8,1995,dholpur,Night,17,0,material-fixing,4,
310,07-01-19,08:37:11,8,1821,dholpur,Day,-2,0,machine-malfunction,10,
311,09-01-19,18:54:07,8,1802,dholpur,Night,0,0,labour-malpractice,9,
312,26-01-19,23:32:05,8,1799,dholpur,Night,17,0,threading-process,6,
313,09-01-19,10:53:59,8,1360,dholpur,Day,0,0,material-fixing,4,
314,27-01-19,20:55:42,8,1116,dholpur,Night,18,0,normal-operation,2,
315,05-01-19,11:01:08,8,1940,dholpur,Day,-4,0,threading-process,6,
316,25-01-19,02:27:41,8,1670,dholpur,Night,16,0,ear-safety,1,
317,02-01-19,02:25:22,8,1291,dholpur,Night,-7,0,threading-process,6,
318,25-01-19,02:44:00,8,1078,dholpur,Night,16,0,normal-operation,2,
319,27-01-19,14:58:28,8,1315,dholpur,Day,18,0,labour-malpractice,9,
320,02-01-19,22:27:52,9,1266,gaya,Night,-7,0,labour-malpractice,9,
321,31-01-19,09:38:03,9,1179,gaya,Day,22,0,repair-proccess,7,
322,12-01-19,03:09:07,9,1551,gaya,Night,3,0,threading-process,6,
323,31-01-19,08:38:47,9,1729,gaya,Day,22,0,material-fixing,4,
324,13-01-19,21:28:00,9,1981,gaya,Night,4,0,material-fixing,4,
325,10-01-19,20:52:07,9,1357,gaya,Night,1,0,repair-proccess,7,
326,29-01-19,20:54:19,9,1217,gaya,Night,20,0,ear-safety,1,
327,14-01-19,10:38:29,9,1108,gaya,Day,5,0,labour-malpractice,9,
328,28-01-19,08:00:54,9,1485,gaya,Day,19,0,repair-proccess,7,
329,12-01-19,18:04:44,9,1667,gaya,Night,3,0,labour-malpractice,9,
330,21-01-19,03:41:27,9,1799,gaya,Night,12,0,design-fixing,5,
331,15-01-19,01:54:51,9,1425,gaya,Night,6,0,normal-operation,2,
332,10-01-19,13:40:37,9,1604,gaya,Day,1,0,machine-malfunction,10,
333,03-01-19,21:09:58,9,1021,gaya,Night,-6,0,threading-process,6,
334,31-01-19,03:21:35,9,1546,gaya,Night,22,0,repair-proccess,7,
335,09-01-19,11:28:28,9,1386,gaya,Day,0,0,repair-proccess,7,
336,26-01-19,10:24:24,9,1567,gaya,Day,17,0,machine-malfunction,10,
337,05-01-19,09:17:26,9,1393,gaya,Day,-4,0,repair-proccess,7,
338,13-01-19,09:13:49,9,1395,gaya,Day,4,0,threading-process,6,
339,22-01-19,13:30:47,9,1107,gaya,Day,13,0,normal-operation,2,
340,01-02-19,14:50:21,9,1305,gaya,Day,23,0,labour-malpractice,9,
341,24-01-19,14:29:17,9,1888,gaya,Day,15,0,design-fixing,5,
342,07-01-19,20:34:14,9,1302,gaya,Night,-2,0,emboidery-inprocess,0,
343,09-01-19,08:14:41,9,1519,gaya,Day,0,0,normal-operation,2,
344,19-01-19,13:01:14,9,1669,gaya,Day,10,0,emboidery-inprocess,0,
345,09-01-19,03:42:05,9,1626,gaya,Night,0,0,emboidery-inprocess,0,
346,27-01-19,10:14:25,9,1555,gaya,Day,18,0,emboidery-inprocess,0,
347,13-01-19,12:53:07,9,1469,gaya,Day,4,0,design-fixing,5,
348,01-01-19,11:18:24,9,1030,gaya,Day,-8,0,material-fixing,4,
349,20-01-19,11:07:00,9,1114,gaya,Day,11,0,normal-operation,2,
350,04-01-19,15:12:37,9,1127,gaya,Day,-5,0,threading-process,6,
351,08-01-19,13:50:12,9,1956,gaya,Day,-1,0,material-fixing,4,
352,28-01-19,01:43:48,9,1698,gaya,Night,19,0,repair-proccess,7,
353,28-01-19,02:32:07,9,1388,gaya,Night,19,0,material-fixing,4,
354,01-01-19,01:44:01,9,1025,gaya,Night,-8,0,threading-process,6,
355,30-01-19,19:54:26,9,1974,gaya,Night,21,0,normal-operation,2,
356,17-01-19,11:01:05,9,1526,gaya,Day,8,0,design-fixing,5,
357,02-01-19,12:04:05,9,1005,gaya,Day,-7,0,machine-malfunction,10,
358,02-01-19,12:59:40,9,1230,gaya,Day,-7,0,machine-malfunction,10,
359,27-01-19,08:36:15,9,1476,gaya,Day,18,0,emboidery-inprocess,0,
360,13-01-19,11:18:45,10,1756,guntur,Day,4,0,machine-malfunction,10,
361,23-01-19,13:17:46,10,1207,guntur,Day,14,0,labour-malpractice,9,
362,28-01-19,11:59:46,10,1158,guntur,Day,19,0,machine-malfunction,10,
363,29-01-19,20:16:32,10,1114,guntur,Night,20,0,emboidery-inprocess,0,
364,14-01-19,03:50:30,10,1810,guntur,Night,5,0,repair-proccess,7,
365,10-01-19,19:51:39,10,1653,guntur,Night,1,0,repair-proccess,7,
366,24-01-19,12:37:00,10,1151,guntur,Day,15,0,repair-proccess,7,
367,13-01-19,08:01:19,10,1636,guntur,Day,4,0,material-fixing,4,
368,20-01-19,10:01:04,10,1213,guntur,Day,11,0,labour-malpractice,9,
369,22-01-19,09:23:32,10,1578,guntur,Day,13,0,emboidery-inprocess,0,
370,13-01-19,12:11:00,10,1888,guntur,Day,4,0,labour-malpractice,9,
371,04-01-19,12:48:36,10,1114,guntur,Day,-5,0,normal-operation,2,
372,08-01-19,02:46:06,10,1112,guntur,Night,-1,0,machine-malfunction,10,
373,17-01-19,08:00:21,10,1733,guntur,Day,8,0,machine-malfunction,10,
374,19-01-19,09:58:24,10,1890,guntur,Day,10,0,ear-safety,1,
375,21-01-19,02:29:48,10,1828,guntur,Night,12,0,emboidery-inprocess,0,
376,12-01-19,09:59:18,10,1677,guntur,Day,3,0,emboidery-inprocess,0,
377,24-01-19,02:07:20,10,1259,guntur,Night,15,0,labour-malpractice,9,
378,09-01-19,02:36:05,10,1829,guntur,Night,0,0,normal-operation,2,
379,25-01-19,08:58:45,10,1731,guntur,Day,16,0,material-fixing,4,
380,08-01-19,18:43:04,10,1366,guntur,Night,-1,0,material-fixing,4,
381,24-01-19,14:55:30,10,1252,guntur,Day,15,0,material-fixing,4,
382,21-01-19,11:16:42,10,1213,guntur,Day,12,0,ear-safety,1,
383,16-01-19,10:01:32,10,1102,guntur,Day,7,0,machine-malfunction,10,
384,10-01-19,20:13:20,10,1986,guntur,Night,1,0,material-fixing,4,
385,01-01-19,01:29:58,10,1241,guntur,Night,-8,0,repair-proccess,7,
386,01-01-19,01:07:52,10,1505,guntur,Night,-8,0,ear-safety,1,
387,26-01-19,02:55:43,10,1232,guntur,Night,17,0,emboidery-inprocess,0,
388,07-01-19,03:56:36,10,1009,guntur,Night,-2,0,material-fixing,4,
389,01-02-19,08:42:23,10,1248,guntur,Day,23,0,repair-proccess,7,
390,28-01-19,10:57:10,10,1334,guntur,Day,19,0,normal-operation,2,
391,17-01-19,01:22:01,10,1331,guntur,Night,8,0,repair-proccess,7,
392,25-01-19,10:12:06,10,1143,guntur,Day,16,0,repair-proccess,7,
393,05-01-19,10:30:27,10,1070,guntur,Day,-4,0,emboidery-inprocess,0,
394,06-01-19,03:01:13,10,1850,guntur,Night,-3,0,ear-safety,1,
395,22-01-19,10:15:21,10,1373,guntur,Day,13,0,labour-malpractice,9,
396,14-01-19,14:07:50,10,1605,guntur,Day,5,0,repair-proccess,7,
397,01-01-19,01:12:33,10,1690,guntur,Night,-8,0,emboidery-inprocess,0,
398,14-01-19,02:57:48,10,1615,guntur,Night,5,0,ear-safety,1,
399,30-01-19,01:54:05,10,1277,guntur,Night,21,0,machine-malfunction,10,
400,12-01-19,12:56:27,11,1973,haridwar,Day,3,0,machine-malfunction,10,
401,12-01-19,08:00:17,11,1303,haridwar,Day,3,0,material-fixing,4,
402,31-01-19,03:55:50,11,1203,haridwar,Night,22,0,emboidery-inprocess,0,
403,12-01-19,15:19:21,11,1806,haridwar,Day,3,0,normal-operation,2,
404,04-01-19,13:28:35,11,1976,haridwar,Day,-5,0,labour-malpractice,9,
405,09-01-19,09:47:02,11,1300,haridwar,Day,0,0,threading-process,6,
406,07-01-19,22:24:49,11,1934,haridwar,Night,-2,0,design-fixing,5,
407,30-01-19,03:53:30,11,1276,haridwar,Night,21,0,material-fixing,4,
408,14-01-19,14:17:12,11,1214,haridwar,Day,5,0,machine-malfunction,10,
409,05-01-19,15:12:31,11,1976,haridwar,Day,-4,0,labour-malpractice,9,
410,01-02-19,19:24:57,11,1301,haridwar,Night,23,0,normal-operation,2,
411,18-01-19,21:07:54,11,1142,haridwar,Night,9,0,design-fixing,5,
412,18-01-19,09:25:33,11,1006,haridwar,Day,9,0,ear-safety,1,
413,27-01-19,15:52:00,11,1822,haridwar,Day,18,0,threading-process,6,
414,01-02-19,10:14:37,11,1119,haridwar,Day,23,0,normal-operation,2,
415,09-01-19,11:12:04,11,1587,haridwar,Day,0,0,ear-safety,1,
416,01-02-19,12:26:28,11,1491,haridwar,Day,23,0,material-fixing,4,
417,07-01-19,08:32:18,11,1493,haridwar,Day,-2,0,normal-operation,2,
418,03-01-19,03:11:09,11,1138,haridwar,Night,-6,0,material-fixing,4,
419,12-01-19,14:53:55,11,1345,haridwar,Day,3,0,material-fixing,4,
420,23-01-19,20:45:18,11,1201,haridwar,Night,14,0,ear-safety,1,
421,08-01-19,11:32:48,11,1068,haridwar,Day,-1,0,normal-operation,2,
422,21-01-19,14:20:06,11,1799,haridwar,Day,12,0,design-fixing,5,
423,28-01-19,11:19:50,11,1471,haridwar,Day,19,0,machine-malfunction,10,
424,26-01-19,12:35:12,11,1047,haridwar,Day,17,0,normal-operation,2,
425,18-01-19,02:57:08,11,1003,haridwar,Night,9,0,normal-operation,2,
426,02-01-19,02:43:50,11,1594,haridwar,Night,-7,0,material-fixing,4,
427,01-02-19,10:58:29,11,1980,haridwar,Day,23,0,ear-safety,1,
428,29-01-19,21:39:42,11,1038,haridwar,Night,20,0,design-fixing,5,
429,14-01-19,22:04:16,11,1408,haridwar,Night,5,0,material-fixing,4,
430,25-01-19,20:34:16,11,1650,haridwar,Night,16,0,labour-malpractice,9,
431,04-01-19,01:38:48,11,1457,haridwar,Night,-5,0,repair-proccess,7,
432,25-01-19,11:02:51,11,1362,haridwar,Day,16,0,threading-process,6,
433,01-01-19,08:10:44,11,1704,haridwar,Day,-8,0,design-fixing,5,
434,13-01-19,12:00:03,11,1776,haridwar,Day,4,0,ear-safety,1,
435,21-01-19,02:37:45,11,1286,haridwar,Night,12,0,repair-proccess,7,
436,29-01-19,14:07:09,11,1167,haridwar,Day,20,0,labour-malpractice,9,
437,06-01-19,14:16:50,11,1344,haridwar,Day,-3,0,ear-safety,1,
438,18-01-19,23:06:16,11,1213,haridwar,Night,9,0,machine-malfunction,10,
439,23-01-19,02:22:33,11,1725,haridwar,Night,14,0,labour-malpractice,9,
440,14-01-19,21:59:41,12,1583,hissar,Night,5,0,repair-proccess,7,
441,18-01-19,10:24:34,12,1639,hissar,Day,9,0,threading-process,6,
442,21-01-19,09:55:09,12,1402,hissar,Day,12,0,normal-operation,2,
443,22-01-19,02:22:46,12,1950,hissar,Night,13,0,labour-malpractice,9,
444,25-01-19,03:20:54,12,1848,hissar,Night,16,0,material-fixing,4,
445,02-01-19,14:22:14,12,1532,hissar,Day,-7,0,design-fixing,5,
446,22-01-19,09:23:03,12,1488,hissar,Day,13,0,machine-malfunction,10,
447,22-01-19,13:26:04,12,1790,hissar,Day,13,0,ear-safety,1,
448,02-01-19,11:16:06,12,1949,hissar,Day,-7,0,machine-malfunction,10,
449,27-01-19,22:30:46,12,1800,hissar,Night,18,0,threading-process,6,
450,01-01-19,08:29:54,12,1812,hissar,Day,-8,0,material-fixing,4,
451,03-01-19,10:03:00,12,1609,hissar,Day,-6,0,emboidery-inprocess,0,
452,25-01-19,02:49:08,12,1713,hissar,Night,16,0,design-fixing,5,
453,06-01-19,11:48:41,12,1058,hissar,Day,-3,0,ear-safety,1,
454,09-01-19,10:22:07,12,1799,hissar,Day,0,0,threading-process,6,
455,05-01-19,23:34:51,12,1802,hissar,Night,-4,0,machine-malfunction,10,
456,03-01-19,21:20:36,12,1938,hissar,Night,-6,0,ear-safety,1,
457,05-01-19,20:03:36,12,1858,hissar,Night,-4,0,labour-malpractice,9,
458,13-01-19,21:54:27,12,1083,hissar,Night,4,0,normal-operation,2,
459,16-01-19,02:48:33,12,1036,hissar,Night,7,0,ear-safety,1,
460,15-01-19,12:36:49,12,1094,hissar,Day,6,0,emboidery-inprocess,0,
461,23-01-19,08:46:21,12,1793,hissar,Day,14,0,design-fixing,5,
462,16-01-19,09:06:45,12,1105,hissar,Day,7,0,normal-operation,2,
463,31-01-19,20:47:16,12,1422,hissar,Night,22,0,normal-operation,2,
464,14-01-19,09:27:57,12,1071,hissar,Day,5,0,material-fixing,4,
465,09-01-19,13:32:46,12,1213,hissar,Day,0,0,labour-malpractice,9,
466,26-01-19,15:17:45,12,1428,hissar,Day,17,0,material-fixing,4,
467,19-01-19,11:37:07,12,1092,hissar,Day,10,0,repair-proccess,7,
468,15-01-19,10:04:11,12,1057,hissar,Day,6,0,material-fixing,4,
469,15-01-19,01:40:32,12,1935,hissar,Night,6,0,machine-malfunction,10,
470,31-01-19,12:34:35,12,1253,hissar,Day,22,0,ear-safety,1,
471,29-01-19,14:50:54,12,1783,hissar,Day,20,0,labour-malpractice,9,
472,18-01-19,14:09:50,12,1258,hissar,Day,9,0,design-fixing,5,
473,13-01-19,03:28:47,12,1368,hissar,Night,4,0,threading-process,6,
474,07-01-19,18:55:52,12,1261,hissar,Night,-2,0,ear-safety,1,
475,05-01-19,15:53:23,12,1742,hissar,Day,-4,0,repair-proccess,7,
476,05-01-19,09:35:55,12,1583,hissar,Day,-4,0,threading-process,6,
477,29-01-19,10:14:31,12,1976,hissar,Day,20,0,repair-proccess,7,
478,04-01-19,03:16:20,12,1964,hissar,Night,-5,0,normal-operation,2,
479,26-01-19,01:36:41,12,1605,hissar,Night,17,0,threading-process,6,
480,17-01-19,09:33:20,13,1504,hyderabad,Day,8,0,design-fixing,5,
481,19-01-19,08:50:23,13,1877,hyderabad,Day,10,0,labour-malpractice,9,
482,18-01-19,13:17:27,13,1175,hyderabad,Day,9,0,machine-malfunction,10,
483,08-01-19,11:04:18,13,1215,hyderabad,Day,-1,0,threading-process,6,
484,04-01-19,15:49:12,13,1620,hyderabad,Day,-5,0,design-fixing,5,
485,08-01-19,01:24:14,13,1001,hyderabad,Night,-1,0,design-fixing,5,
486,06-01-19,01:21:48,13,1179,hyderabad,Night,-3,0,emboidery-inprocess,0,
487,29-01-19,22:06:44,13,1382,hyderabad,Night,20,0,labour-malpractice,9,
488,12-01-19,12:56:58,13,1840,hyderabad,Day,3,0,labour-malpractice,9,
489,05-01-19,01:14:05,13,1617,hyderabad,Night,-4,0,normal-operation,2,
490,06-01-19,15:05:25,13,1081,hyderabad,Day,-3,0,threading-process,6,
491,20-01-19,09:04:00,13,1727,hyderabad,Day,11,0,design-fixing,5,
492,13-01-19,12:39:36,13,1060,hyderabad,Day,4,0,emboidery-inprocess,0,
493,29-01-19,13:56:28,13,1321,hyderabad,Day,20,0,labour-malpractice,9,
494,23-01-19,01:22:49,13,1742,hyderabad,Night,14,0,repair-proccess,7,
495,21-01-19,03:26:11,13,1860,hyderabad,Night,12,0,design-fixing,5,
496,25-01-19,15:54:36,13,1600,hyderabad,Day,16,0,emboidery-inprocess,0,
497,11-01-19,22:21:49,13,1517,hyderabad,Night,2,0,material-fixing,4,
498,06-01-19,12:50:39,13,1543,hyderabad,Day,-3,0,material-fixing,4,
499,29-01-19,21:04:50,13,1712,hyderabad,Night,20,0,design-fixing,5,
500,01-01-19,01:20:32,13,1042,hyderabad,Night,-8,0,material-fixing,4,
501,30-01-19,01:14:50,13,1850,Hyderabad,Night,21,0,material-fixing,4,
502,03-01-19,02:27:27,13,1709,hyderabad,Night,-6,0,labour-malpractice,9,
503,25-01-19,09:56:38,13,1778,hyderabad,Day,16,0,material-fixing,4,
504,02-01-19,20:50:33,13,1435,hyderabad,Night,-7,0,machine-malfunction,10,
505,12-01-19,19:16:11,13,1044,hyderabad,Night,3,0,design-fixing,5,
506,21-01-19,15:45:34,13,1448,hyderabad,Day,12,0,emboidery-inprocess,0,
507,22-01-19,11:31:55,13,1695,hyderabad,Day,13,0,normal-operation,2,
508,05-01-19,11:04:42,13,1315,hyderabad,Day,-4,0,normal-operation,2,
509,01-02-19,14:10:21,13,1099,hyderabad,Day,23,0,threading-process,6,
510,08-01-19,02:21:05,13,1377,hyderabad,Night,-1,0,repair-proccess,7,
511,09-01-19,03:41:30,13,1397,Hyderabad,Night,0,0,labour-malpractice,9,
512,11-01-19,12:32:39,13,1297,Hyderabad,Day,2,0,threading-process,6,
513,13-01-19,22:43:51,13,1494,hyderabad,Night,4,0,design-fixing,5,
514,30-01-19,22:37:48,13,1556,Hyderabad,Night,21,0,threading-process,6,
515,16-01-19,14:52:53,13,1019,hyderabad,Day,7,0,ear-safety,1,
516,04-01-19,10:28:16,13,1245,hyderabad,Day,-5,0,ear-safety,1,
517,26-01-19,01:08:44,13,1094,Hyderabad,Night,17,0,machine-malfunction,10,
518,12-01-19,08:55:26,13,1304,hyderabad,Day,3,0,design-fixing,5,
519,19-01-19,19:46:31,13,1046,hyderabad,Night,10,0,emboidery-inprocess,0,
520,17-01-19,19:16:18,14,1901,Jaipur,Night,8,0,material-fixing,4,
521,23-01-19,01:06:46,14,1481,Jaipur,Night,14,0,design-fixing,5,
522,15-01-19,20:05:43,14,1827,Jaipur,Night,6,0,emboidery-inprocess,0,
523,25-01-19,11:21:01,14,1282,Jaipur,Day,16,0,material-fixing,4,
524,30-01-19,03:09:43,14,1122,Jaipur,Night,21,0,threading-process,6,
525,19-01-19,01:21:28,14,1752,Jaipur,Night,10,0,repair-proccess,7,
526,14-01-19,20:30:28,14,1927,Jaipur,Night,5,0,threading-process,6,
527,25-01-19,20:59:38,14,1845,Jaipur,Night,16,0,threading-process,6,
528,23-01-19,20:28:38,14,1580,Jaipur,Night,14,0,labour-malpractice,9,
529,25-01-19,12:33:25,14,1920,Jaipur,Day,16,0,labour-malpractice,9,
530,24-01-19,22:11:58,14,1261,Jaipur,Night,15,0,machine-malfunction,10,
531,31-01-19,02:16:25,14,1446,Jaipur,Night,22,0,machine-malfunction,10,
532,08-01-19,10:10:38,14,1685,Jaipur,Day,-1,0,repair-proccess,7,
533,11-01-19,19:20:28,14,1874,Jaipur,Night,2,0,repair-proccess,7,
534,11-01-19,03:48:19,14,1356,Jaipur,Night,2,0,emboidery-inprocess,0,
535,15-01-19,10:35:09,14,1857,Jaipur,Day,6,0,ear-safety,1,
536,19-01-19,22:20:13,14,1394,Jaipur,Night,10,0,labour-malpractice,9,
537,16-01-19,01:01:55,14,1549,Jaipur,Night,7,0,machine-malfunction,10,
538,29-01-19,15:20:05,14,1512,Jaipur,Day,20,0,repair-proccess,7,
539,29-01-19,02:24:52,14,1371,Jaipur,Night,20,0,repair-proccess,7,
540,12-01-19,02:31:13,14,1174,Jaipur,Night,3,0,normal-operation,2,
541,01-02-19,01:17:01,14,1174,Jaipur,Night,23,0,labour-malpractice,9,
542,19-01-19,08:40:42,14,1760,Jaipur,Day,10,0,normal-operation,2,
543,20-01-19,01:48:10,14,1276,Jaipur,Night,11,0,ear-safety,1,
544,19-01-19,01:49:02,14,1335,Jaipur,Night,10,0,ear-safety,1,
545,30-01-19,08:20:06,14,1288,Jaipur,Day,21,0,labour-malpractice,9,
546,05-01-19,18:22:36,14,1812,Jaipur,Night,-4,0,normal-operation,2,
547,12-01-19,08:39:19,14,1513,Jaipur,Day,3,0,design-fixing,5,
548,28-01-19,11:45:45,14,1291,Jaipur,Day,19,0,threading-process,6,
549,19-01-19,18:36:07,14,1146,jaipur,Night,10,0,repair-proccess,7,
550,10-01-19,01:38:15,14,1742,Jaipur,Night,1,0,labour-malpractice,9,
551,25-01-19,15:17:47,14,1056,jaipur,Day,16,0,normal-operation,2,
552,27-01-19,02:30:57,14,1398,Jaipur,Night,18,0,design-fixing,5,
553,15-01-19,02:36:47,14,1257,Jaipur,Night,6,0,repair-proccess,7,
554,18-01-19,03:16:09,14,1918,jaipur,Night,9,0,normal-operation,2,
555,20-01-19,14:07:19,14,1286,Jaipur,Day,11,0,threading-process,6,
556,31-01-19,14:39:11,14,1518,jaipur,Day,22,0,labour-malpractice,9,
557,03-01-19,09:41:29,14,1669,jaipur,Day,-6,0,emboidery-inprocess,0,
558,30-01-19,12:18:00,14,1946,jaipur,Day,21,0,repair-proccess,7,
559,03-01-19,23:57:05,14,1009,jaipur,Night,-6,0,normal-operation,2,
560,22-01-19,11:47:43,15,1568,Kannur,Day,13,0,material-fixing,4,
561,20-01-19,21:38:59,15,1158,Kannur,Night,11,0,labour-malpractice,9,
562,26-01-19,08:11:06,15,1834,Kannur,Day,17,0,emboidery-inprocess,0,
563,15-01-19,22:54:23,15,1148,Kannur,Night,6,0,machine-malfunction,10,
564,12-01-19,02:31:59,15,1247,Kannur,Night,3,0,emboidery-inprocess,0,
565,22-01-19,20:44:28,15,1138,Kannur,Night,13,0,ear-safety,1,
566,29-01-19,02:57:28,15,1320,Kannur,Night,20,0,ear-safety,1,
567,28-01-19,02:43:32,15,1252,Kannur,Night,19,0,threading-process,6,
568,05-01-19,15:58:04,15,1531,Kannur,Day,-4,0,emboidery-inprocess,0,
569,20-01-19,14:52:01,15,1587,Kannur,Day,11,0,threading-process,6,
570,08-01-19,21:46:21,15,1737,Kannur,Night,-1,0,threading-process,6,
571,13-01-19,03:30:12,15,1160,Kannur,Night,4,0,repair-proccess,7,
572,11-01-19,14:15:47,15,1394,Kannur,Day,2,0,threading-process,6,
573,27-01-19,03:11:24,15,1853,Kannur,Night,18,0,normal-operation,2,
574,17-01-19,09:01:48,15,1137,Kannur,Day,8,0,machine-malfunction,10,
575,27-01-19,10:20:08,15,1455,Kannur,Day,18,0,material-fixing,4,
576,22-01-19,08:44:00,15,1532,Kannur,Day,13,0,emboidery-inprocess,0,
577,29-01-19,03:26:16,15,1369,Kannur,Night,20,0,emboidery-inprocess,0,
578,02-01-19,08:23:41,15,1776,Kannur,Day,-7,0,ear-safety,1,
579,10-01-19,13:58:10,15,1489,Kannur,Day,1,0,emboidery-inprocess,0,
580,09-01-19,01:27:34,15,1952,Kannur,Night,0,0,emboidery-inprocess,0,
581,21-01-19,21:03:04,15,1435,Kannur,Night,12,0,normal-operation,2,
582,15-01-19,21:54:15,15,1788,Kannur,Night,6,0,emboidery-inprocess,0,
583,20-01-19,01:00:42,15,1903,Kannur,Night,11,0,emboidery-inprocess,0,
584,31-01-19,15:20:22,15,1179,Kannur,Day,22,0,threading-process,6,
585,28-01-19,20:31:42,15,1324,Kannur,Night,19,0,labour-malpractice,9,
586,01-01-19,14:01:04,15,1760,Kannur,Day,-8,0,ear-safety,1,
587,18-01-19,01:57:19,15,1959,Kannur,Night,9,0,ear-safety,1,
588,22-01-19,21:45:56,15,1773,Kannur,Night,13,0,repair-proccess,7,
589,08-01-19,01:03:48,15,1133,Kannur,Night,-1,0,material-fixing,4,
590,22-01-19,09:30:36,15,1082,Kannur,Day,13,0,normal-operation,2,
591,30-01-19,03:50:21,15,1256,Kannur,Night,21,0,ear-safety,1,
592,10-01-19,02:59:16,15,1649,Kannur,Night,1,0,threading-process,6,
593,07-01-19,09:33:24,15,1866,Kannur,Day,-2,0,material-fixing,4,
594,27-01-19,13:47:06,15,1317,Kannur,Day,18,0,normal-operation,2,
595,20-01-19,08:39:04,15,1593,Kannur,Day,11,0,machine-malfunction,10,
596,16-01-19,15:16:53,15,1077,Kannur,Day,7,0,repair-proccess,7,
597,24-01-19,14:42:27,15,1354,Kannur,Day,15,0,repair-proccess,7,
598,21-01-19,10:16:22,15,1006,Kannur,Day,12,0,repair-proccess,7,
599,05-01-19,08:19:15,15,1446,Kannur,Day,-4,0,repair-proccess,7,
600,20-01-19,15:12:10,16,1628,mayyazhi,Day,11,0,ear-safety,1,
601,23-01-19,22:58:02,16,1052,mayyazhi,Night,14,0,design-fixing,5,
602,16-01-19,20:06:04,16,1469,mayyazhi,Night,7,0,ear-safety,1,
603,01-02-19,10:32:20,16,1491,mayyazhi,Day,23,0,threading-process,6,
604,20-01-19,18:38:13,16,1015,mayyazhi,Night,11,0,machine-malfunction,10,
605,14-01-19,13:17:41,16,1324,mayyazhi,Day,5,0,design-fixing,5,
606,24-01-19,02:02:49,16,1690,mayyazhi,Night,15,0,emboidery-inprocess,0,
607,31-01-19,11:32:27,16,1030,mayyazhi,Day,22,0,threading-process,6,
608,16-01-19,19:10:47,16,1431,mayyazhi,Night,7,0,labour-malpractice,9,
609,24-01-19,20:15:21,16,1075,mayyazhi,Night,15,0,labour-malpractice,9,
610,05-01-19,21:53:05,16,1582,mayyazhi,Night,-4,0,design-fixing,5,
611,25-01-19,08:02:40,16,1378,mayyazhi,Day,16,0,design-fixing,5,
612,10-01-19,14:51:36,16,1113,mayyazhi,Day,1,0,threading-process,6,
613,12-01-19,01:27:37,16,1299,mayyazhi,Night,3,0,normal-operation,2,
614,21-01-19,14:04:25,16,1842,mayyazhi,Day,12,0,normal-operation,2,
615,21-01-19,09:46:58,16,1874,mayyazhi,Day,12,0,labour-malpractice,9,
616,25-01-19,09:16:56,16,1915,mayyazhi,Day,16,0,emboidery-inprocess,0,
617,30-01-19,14:34:19,16,1619,mayyazhi,Day,21,0,machine-malfunction,10,
618,20-01-19,10:11:49,16,1617,mayyazhi,Day,11,0,ear-safety,1,
619,16-01-19,18:28:55,16,1649,mayyazhi,Night,7,0,material-fixing,4,
620,17-01-19,14:14:49,16,1864,mayyazhi,Day,8,0,design-fixing,5,
621,06-01-19,15:38:08,16,1008,mayyazhi,Day,-3,0,material-fixing,4,
622,25-01-19,14:13:57,16,1384,mayyazhi,Day,16,0,ear-safety,1,
623,29-01-19,09:06:05,16,1619,mayyazhi,Day,20,0,ear-safety,1,
624,13-01-19,03:33:19,16,1443,mayyazhi,Night,4,0,design-fixing,5,
625,24-01-19,01:48:25,16,1646,mayyazhi,Night,15,0,threading-process,6,
626,31-01-19,19:03:17,16,1126,mayyazhi,Night,22,0,material-fixing,4,
627,19-01-19,14:18:06,16,1641,mayyazhi,Day,10,0,machine-malfunction,10,
628,03-01-19,12:40:46,16,1621,mayyazhi,Day,-6,0,machine-malfunction,10,
629,24-01-19,08:04:31,16,1983,mayyazhi,Day,15,0,repair-proccess,7,
630,09-01-19,09:27:16,16,1260,mayyazhi,Day,0,0,ear-safety,1,
631,30-01-19,20:03:52,16,1119,mayyazhi,Night,21,0,normal-operation,2,
632,09-01-19,19:06:25,16,1237,mayyazhi,Night,0,0,design-fixing,5,
633,08-01-19,20:37:32,16,1941,mayyazhi,Night,-1,0,ear-safety,1,
634,17-01-19,19:55:44,16,1087,mayyazhi,Night,8,0,machine-malfunction,10,
635,24-01-19,19:27:58,16,1872,mayyazhi,Night,15,0,machine-malfunction,10,
636,24-01-19,02:02:50,16,1393,mayyazhi,Night,15,0,normal-operation,2,
637,05-01-19,03:52:29,16,1035,mayyazhi,Night,-4,0,threading-process,6,
638,21-01-19,22:04:00,16,1407,mayyazhi,Night,12,0,normal-operation,2,
639,19-01-19,02:39:41,16,1186,mayyazhi,Night,10,0,repair-proccess,7,
640,01-01-19,11:11:40,17,1799,medak,Day,-8,0,normal-operation,2,
641,12-01-19,12:53:35,17,1520,medak,Day,3,0,ear-safety,1,
642,28-01-19,14:55:05,17,1879,medak,Day,19,0,emboidery-inprocess,0,
643,13-01-19,13:02:48,17,1223,medak,Day,4,0,normal-operation,2,
644,22-01-19,12:15:10,17,1185,medak,Day,13,0,emboidery-inprocess,0,
645,06-01-19,11:18:52,17,1650,medak,Day,-3,0,repair-proccess,7,
646,02-01-19,11:50:35,17,1907,medak,Day,-7,0,threading-process,6,
647,03-01-19,02:17:52,17,1486,medak,Night,-6,0,machine-malfunction,10,
648,15-01-19,12:05:12,17,2000,medak,Day,6,0,machine-malfunction,10,
649,04-01-19,21:34:04,17,1738,medak,Night,-5,0,labour-malpractice,9,
650,10-01-19,10:11:40,17,1449,medak,Day,1,0,material-fixing,4,
651,20-01-19,13:45:40,17,1806,medak,Day,11,0,emboidery-inprocess,0,
652,07-01-19,11:52:25,17,1650,medak,Day,-2,0,threading-process,6,
653,21-01-19,02:18:45,17,1776,medak,Night,12,0,repair-proccess,7,
654,23-01-19,23:42:13,17,1898,medak,Night,14,0,repair-proccess,7,
655,04-01-19,08:53:40,17,1507,medak,Day,-5,0,ear-safety,1,
656,19-01-19,02:47:51,17,1510,medak,Night,10,0,normal-operation,2,
657,24-01-19,18:49:00,17,1926,medak,Night,15,0,design-fixing,5,
658,06-01-19,11:39:25,17,1803,medak,Day,-3,0,machine-malfunction,10,
659,29-01-19,11:53:42,17,1386,medak,Day,20,0,material-fixing,4,
660,04-01-19,12:54:48,17,1602,medak,Day,-5,0,threading-process,6,
661,13-01-19,12:45:23,17,1444,medak,Day,4,0,repair-proccess,7,
662,31-01-19,15:44:56,17,1514,medak,Day,22,0,material-fixing,4,
663,20-01-19,01:24:05,17,1992,medak,Night,11,0,design-fixing,5,
664,01-02-19,12:24:47,17,1784,medak,Day,23,0,threading-process,6,
665,31-01-19,22:15:28,17,1616,medak,Night,22,0,material-fixing,4,
666,03-01-19,23:54:18,17,1481,medak,Night,-6,0,threading-process,6,
667,17-01-19,08:57:29,17,1666,medak,Day,8,0,threading-process,6,
668,10-01-19,19:26:44,17,1948,medak,Night,1,0,machine-malfunction,10,
669,08-01-19,02:18:39,17,1088,medak,Night,-1,0,design-fixing,5,
670,26-01-19,02:16:47,17,1442,medak,Night,17,0,normal-operation,2,
671,13-01-19,03:21:54,17,1157,medak,Night,4,0,normal-operation,2,
672,04-01-19,20:50:42,17,1100,medak,Night,-5,0,material-fixing,4,
673,09-01-19,14:15:57,17,1269,medak,Day,0,0,machine-malfunction,10,
674,31-01-19,03:39:11,17,1383,medak,Night,22,0,machine-malfunction,10,
675,03-01-19,12:18:19,17,1269,medak,Day,-6,0,emboidery-inprocess,0,
676,20-01-19,15:57:57,17,1875,medak,Day,11,0,normal-operation,2,
677,01-01-19,22:16:35,17,1411,medak,Night,-8,0,emboidery-inprocess,0,
678,29-01-19,01:54:13,17,1236,medak,Night,20,0,ear-safety,1,
679,23-01-19,15:27:56,17,1168,medak,Day,14,0,normal-operation,2,
680,10-01-19,15:03:02,18,1476,mysore,Day,1,0,machine-malfunction,10,
681,02-01-19,02:57:10,18,1422,mysore,Night,-7,0,ear-safety,1,
682,29-01-19,02:09:40,18,1263,mysore,Night,20,0,emboidery-inprocess,0,
683,20-01-19,15:26:07,18,1551,mysore,Day,11,0,design-fixing,5,
684,24-01-19,18:34:54,18,1362,mysore,Night,15,0,threading-process,6,
685,01-01-19,14:34:23,18,1189,mysore,Day,-8,0,threading-process,6,
686,16-01-19,18:17:15,18,1736,mysore,Night,7,0,repair-proccess,7,
687,23-01-19,03:52:18,18,1809,mysore,Night,14,0,emboidery-inprocess,0,
688,21-01-19,03:43:27,18,1941,mysore,Night,12,0,material-fixing,4,
689,13-01-19,12:58:16,18,1471,mysore,Day,4,0,repair-proccess,7,
690,24-01-19,18:04:19,18,1429,mysore,Night,15,0,design-fixing,5,
691,13-01-19,10:37:10,18,1245,mysore,Day,4,1,design-fixing,5,
692,01-01-19,15:25:55,18,1599,mysore,Day,-8,0,machine-malfunction,10,
693,24-01-19,15:59:31,18,1539,mysore,Day,15,0,design-fixing,5,
694,07-01-19,03:46:41,18,1930,mysore,Night,-2,1,threading-process,6,
695,10-01-19,22:24:09,18,1617,mysore,Night,1,1,material-fixing,4,
696,01-02-19,02:27:37,18,1950,mysore,Night,23,1,emboidery-inprocess,0,
697,01-01-19,02:59:44,18,1273,mysore,Night,-8,1,labour-malpractice,9,
698,01-02-19,21:46:00,18,1093,mysore,Night,23,1,normal-operation,2,
699,20-01-19,19:07:56,18,1943,mysore,Night,11,0,ear-safety,1,
700,30-01-19,01:21:32,18,1188,mysore,Night,21,1,repair-proccess,7,
701,23-01-19,03:50:59,18,1704,mysore,Night,14,1,emboidery-inprocess,0,
702,19-01-19,14:59:22,18,1569,mysore,Day,10,1,normal-operation,2,
703,18-01-19,09:46:24,18,1447,mysore,Day,9,0,normal-operation,2,
704,10-01-19,10:30:28,18,1542,mysore,Day,1,1,material-fixing,4,
705,31-01-19,20:08:14,18,1068,mysore,Night,22,1,labour-malpractice,9,
706,27-01-19,02:32:04,18,1094,mysore,Night,18,0,repair-proccess,7,
707,18-01-19,08:08:00,18,1267,mysore,Day,9,0,material-fixing,4,
708,09-01-19,01:30:10,18,1045,mysore,Night,0,1,ear-safety,1,
709,15-01-19,01:45:05,18,1134,mysore,Night,6,1,design-fixing,5,
710,20-01-19,03:36:43,18,1685,mysore,Night,11,1,machine-malfunction,10,
711,16-01-19,10:05:32,18,1050,mysore,Day,7,1,repair-proccess,7,
712,26-01-19,12:59:27,18,1682,mysore,Day,17,0,design-fixing,5,
713,12-01-19,15:15:21,18,1341,mysore,Day,3,0,labour-malpractice,9,
714,24-01-19,09:29:42,18,1379,mysore,Day,15,0,material-fixing,4,
715,04-01-19,19:56:20,18,1492,mysore,Night,-5,0,repair-proccess,7,
716,12-01-19,22:28:39,18,1546,mysore,Night,3,1,repair-proccess,7,
717,12-01-19,19:17:37,18,1616,mysore,Night,3,1,normal-operation,2,
718,06-01-19,09:49:44,18,1229,mysore,Day,-3,0,machine-malfunction,10,
719,15-01-19,10:18:47,18,1968,mysore,Day,6,1,material-fixing,4,
720,30-01-19,11:34:57,19,1371,nagpur,Day,21,1,design-fixing,5,
721,21-01-19,12:55:03,19,1910,nagpur,Day,12,0,machine-malfunction,10,
722,11-01-19,13:38:20,19,1673,nagpur,Day,2,0,design-fixing,5,
723,14-01-19,11:51:44,19,1080,nagpur,Day,5,1,threading-process,6,
724,16-01-19,08:10:27,19,1838,nagpur,Day,7,0,threading-process,6,
725,14-01-19,19:38:29,19,1689,nagpur,Night,5,0,emboidery-inprocess,0,
726,31-01-19,21:01:36,19,1307,nagpur,Night,22,1,emboidery-inprocess,0,
727,15-01-19,03:52:56,19,1072,nagpur,Night,6,0,labour-malpractice,9,
728,18-01-19,02:56:23,19,1677,nagpur,Night,9,1,labour-malpractice,9,
729,08-01-19,19:53:39,19,1399,nagpur,Night,-1,0,material-fixing,4,
730,03-01-19,02:48:24,19,1284,nagpur,Night,-6,1,labour-malpractice,9,
731,23-01-19,22:30:27,19,1869,nagpur,Night,14,1,emboidery-inprocess,0,
732,27-01-19,20:21:58,19,1878,nagpur,Night,18,0,machine-malfunction,10,
733,21-01-19,22:02:02,19,1612,nagpur,Night,12,0,design-fixing,5,
734,17-01-19,19:35:42,19,1910,nagpur,Night,8,1,normal-operation,2,
735,24-01-19,14:03:23,19,1437,nagpur,Day,15,1,normal-operation,2,
736,01-02-19,18:16:04,19,1419,nagpur,Night,23,0,emboidery-inprocess,0,
737,25-01-19,01:27:17,19,1138,nagpur,Night,16,0,material-fixing,4,
738,22-01-19,10:00:46,19,1922,nagpur,Day,13,0,machine-malfunction,10,
739,01-02-19,22:24:45,19,1323,nagpur,Night,23,0,normal-operation,2,
740,09-01-19,02:25:35,19,1637,nagpur,Night,0,1,emboidery-inprocess,0,
741,23-01-19,02:02:34,19,1236,nagpur,Night,14,0,machine-malfunction,10,
742,05-01-19,18:12:11,19,1191,nagpur,Night,-4,0,normal-operation,2,
743,29-01-19,14:23:33,19,1018,nagpur,Day,20,0,threading-process,6,
744,01-01-19,13:39:56,19,1712,nagpur,Day,-8,1,emboidery-inprocess,0,
745,16-01-19,03:26:41,19,1518,nagpur,Night,7,0,material-fixing,4,
746,23-01-19,10:32:10,19,1674,nagpur,Day,14,0,ear-safety,1,
747,14-01-19,08:01:22,19,1706,nagpur,Day,5,1,emboidery-inprocess,0,
748,06-01-19,10:20:00,19,1606,nagpur,Day,-3,1,material-fixing,4,
749,12-01-19,21:47:49,19,1155,nagpur,Night,3,1,repair-proccess,7,
750,28-01-19,19:00:29,19,1280,nagpur,Night,19,0,repair-proccess,7,
751,19-01-19,14:46:48,19,1632,nagpur,Day,10,0,machine-malfunction,10,
752,04-01-19,15:09:24,19,1027,nagpur,Day,-5,1,emboidery-inprocess,0,
753,30-01-19,03:59:57,19,1580,nagpur,Night,21,1,machine-malfunction,10,
754,24-01-19,09:21:15,19,1604,nagpur,Day,15,0,threading-process,6,
755,05-01-19,01:20:43,20,1072,nagpur,Night,-4,0,ear-safety,1,
756,29-01-19,03:35:24,20,1766,nagpur,Night,20,0,machine-malfunction,10,
757,05-01-19,10:49:59,20,1814,nagpur,Day,-4,1,repair-proccess,7,
758,25-01-19,14:33:17,20,1628,nagpur,Day,16,1,labour-malpractice,9,
759,21-01-19,10:30:03,20,1072,nagpur,Day,12,1,design-fixing,5,
760,05-01-19,10:51:38,20,1997,pali,Day,-4,0,normal-operation,2,
761,01-02-19,20:01:42,20,1465,pali,Day,23,1,repair-proccess,7,
762,25-01-19,02:14:04,20,1533,pali,Night,16,0,labour-malpractice,9,
763,17-01-19,12:33:36,20,1130,pali,Day,8,0,normal-operation,2,
764,31-01-19,15:37:32,20,1713,pali,Day,22,1,labour-malpractice,9,
765,12-01-19,21:07:34,20,1061,pali,Night,3,0,normal-operation,2,
766,03-01-19,03:38:41,20,1426,pali,Night,-6,1,normal-operation,2,
767,28-01-19,10:28:34,20,1560,pali,Day,19,0,emboidery-inprocess,0,
768,16-01-19,18:00:28,20,1512,pali,Night,7,0,emboidery-inprocess,0,
769,16-01-19,09:16:13,20,1528,pali,Day,7,0,labour-malpractice,9,
770,09-01-19,08:50:42,20,1722,pali,Day,0,0,design-fixing,5,
771,06-01-19,02:18:08,20,1715,pali,Night,-3,0,repair-proccess,7,
772,12-01-19,11:15:39,20,1431,pali,Day,3,0,repair-proccess,7,
773,05-01-19,11:13:00,20,1940,pali,Day,-4,0,machine-malfunction,10,
774,21-01-19,14:22:03,20,1270,pali,Day,12,0,labour-malpractice,9,
775,27-01-19,10:00:45,20,1535,pali,Day,18,0,normal-operation,2,
776,03-01-19,19:28:48,20,1593,pali,Night,-6,0,repair-proccess,7,
777,27-01-19,09:14:15,20,1323,pali,Day,18,0,design-fixing,5,
778,21-01-19,12:00:28,20,1465,pali,Day,12,0,design-fixing,5,
779,19-01-19,01:04:51,20,1747,pali,Night,10,0,threading-process,6,
780,15-01-19,03:38:43,20,1882,pali,Night,6,0,emboidery-inprocess,0,
781,20-01-19,02:47:10,20,1130,pali,Night,11,0,emboidery-inprocess,0,
782,27-01-19,10:44:21,20,1079,pali,Day,18,0,labour-malpractice,9,
783,21-01-19,11:29:47,20,1895,pali,Day,12,0,normal-operation,2,
784,18-01-19,11:48:39,20,1071,pali,Day,9,0,machine-malfunction,10,
785,07-01-19,02:34:55,20,1826,pali,Night,-2,0,normal-operation,2,
786,05-01-19,11:28:35,20,1915,pali,Day,-4,0,threading-process,6,
787,08-01-19,02:53:39,20,1858,pali,Night,-1,0,labour-malpractice,9,
788,12-01-19,18:31:04,20,1348,pali,Night,3,0,material-fixing,4,
789,09-01-19,11:07:34,20,1495,pali,Day,0,0,emboidery-inprocess,0,
790,18-01-19,03:48:53,20,1485,pali,Night,9,0,normal-operation,2,
791,23-01-19,09:42:55,20,1949,pali,Day,14,0,design-fixing,5,
792,24-01-19,23:19:51,20,1925,pali,Night,15,0,normal-operation,2,
793,03-01-19,22:26:37,20,1148,pali,Night,-6,0,design-fixing,5,
794,08-01-19,01:41:02,20,1356,pali,Night,-1,0,threading-process,6,
795,07-01-19,03:00:07,21,1000,pali,Night,-2,0,repair-proccess,7,
796,25-01-19,02:57:46,21,1537,pali,Night,16,0,emboidery-inprocess,0,
797,12-01-19,10:25:56,21,1455,pali,Day,3,0,labour-malpractice,9,
798,08-01-19,09:50:00,21,1676,pali,Day,-1,0,machine-malfunction,10,
799,29-01-19,10:31:06,21,1288,pali,Day,20,0,repair-proccess,7,
800,10-01-19,15:44:30,21,1239,Pune,Day,1,0,normal-operation,2,
801,06-01-19,12:39:06,21,1562,Pune,Day,-3,0,ear-safety,1,
802,14-01-19,08:19:35,21,1496,Pune,Day,5,0,machine-malfunction,10,
803,06-01-19,15:35:04,21,1156,Pune,Day,-3,0,emboidery-inprocess,0,
804,21-01-19,10:35:59,21,1811,Pune,Day,12,0,emboidery-inprocess,0,
805,26-01-19,21:34:24,21,1758,pune,Night,17,0,labour-malpractice,9,
806,18-01-19,02:22:39,21,1280,pune,Night,9,0,repair-proccess,7,
807,08-01-19,14:13:42,21,1927,pune,Day,-1,0,design-fixing,5,
808,22-01-19,22:26:50,21,1562,pune,Night,13,0,labour-malpractice,9,
809,01-02-19,15:30:48,21,1282,pune,Day,23,0,design-fixing,5,
810,20-01-19,03:25:36,21,1622,pune,Night,11,0,emboidery-inprocess,0,
811,21-01-19,01:14:02,21,1577,pune,Night,12,0,machine-malfunction,10,
812,07-01-19,02:23:22,21,1773,pune,Night,-2,0,labour-malpractice,9,
813,19-01-19,20:25:14,21,1918,pune,Night,10,0,labour-malpractice,9,
814,10-01-19,20:19:03,21,1191,pune,Night,1,0,normal-operation,2,
815,06-01-19,22:22:56,21,1924,pune,Night,-3,0,machine-malfunction,10,
816,26-01-19,02:46:48,21,1492,pune,Night,17,0,machine-malfunction,10,
817,20-01-19,19:37:40,21,1938,pune,Night,11,0,normal-operation,2,
818,06-01-19,20:13:52,21,1085,pune,Night,-3,0,threading-process,6,
819,25-01-19,03:15:41,21,1537,pune,Night,16,0,material-fixing,4,
820,26-01-19,01:38:09,21,1525,pune,Night,17,0,ear-safety,1,
821,27-01-19,08:36:30,21,1694,pune,Day,18,0,normal-operation,2,
822,10-01-19,13:03:04,21,1571,pune,Day,1,0,ear-safety,1,
823,03-01-19,02:32:09,21,1401,pune,Night,-6,0,normal-operation,2,
824,09-01-19,01:56:11,21,1940,pune,Night,0,0,design-fixing,5,
825,21-01-19,15:21:28,21,1013,pune,Day,12,0,threading-process,6,
826,02-01-19,11:00:15,21,1303,pune,Day,-7,0,design-fixing,5,
827,13-01-19,09:33:43,21,1308,pune,Day,4,0,design-fixing,5,
828,11-01-19,14:43:32,21,1294,pune,Day,2,0,emboidery-inprocess,0,
829,07-01-19,10:31:56,21,1893,pune,Day,-2,0,threading-process,6,
830,01-01-19,20:52:57,21,1042,pune,Night,-8,0,normal-operation,2,
831,17-01-19,19:16:17,21,1737,pune,Night,8,0,material-fixing,4,
832,21-01-19,20:32:22,21,1735,pune,Night,12,0,emboidery-inprocess,0,
833,19-01-19,22:13:42,21,1659,pune,Night,10,0,emboidery-inprocess,0,
834,05-01-19,01:10:48,21,1615,pune,Night,-4,0,repair-proccess,7,
835,25-01-19,14:15:11,21,1153,pune,Day,16,0,ear-safety,1,
836,17-01-19,03:11:44,21,1788,pune,Night,8,1,threading-process,6,
837,12-01-19,12:04:19,21,1483,pune,Day,3,0,material-fixing,4,
838,16-01-19,02:21:57,21,1566,pune,Night,7,1,normal-operation,2,
839,31-01-19,15:09:12,22,1515,pune,Day,22,1,design-fixing,5,
840,14-01-19,14:25:31,22,1338,ranchi,Day,5,1,repair-proccess,7,
841,27-01-19,15:51:39,22,1446,ranchi,Day,18,1,threading-process,6,
842,23-01-19,15:14:35,22,1191,ranchi,Day,14,0,threading-process,6,
843,03-01-19,20:55:49,22,1918,ranchi,Night,-6,0,material-fixing,4,
844,18-01-19,12:43:45,22,1430,ranchi,Day,9,0,emboidery-inprocess,0,
845,22-01-19,19:46:17,22,1932,ranchi,Night,13,0,emboidery-inprocess,0,
846,13-01-19,18:52:16,22,1386,ranchi,Night,4,0,normal-operation,2,
847,22-01-19,08:51:50,22,1795,ranchi,Day,13,0,labour-malpractice,9,
848,14-01-19,09:58:06,22,1086,ranchi,Day,5,0,material-fixing,4,
849,23-01-19,10:40:13,22,1504,ranchi,Day,14,0,repair-proccess,7,
850,03-01-19,11:05:22,22,1432,ranchi,Day,-6,0,machine-malfunction,10,
851,26-01-19,13:39:49,22,1821,ranchi,Day,17,0,emboidery-inprocess,0,
852,01-02-19,11:31:52,22,1990,ranchi,Day,23,0,design-fixing,5,
853,30-01-19,14:57:13,22,1385,ranchi,Day,21,0,repair-proccess,7,
854,27-01-19,11:03:33,22,1426,ranchi,Day,18,0,labour-malpractice,9,
855,17-01-19,13:31:51,22,1741,ranchi,Day,8,0,repair-proccess,7,
856,31-01-19,15:26:26,22,1022,ranchi,Day,22,0,ear-safety,1,
857,20-01-19,08:09:18,22,1377,ranchi,Day,11,0,material-fixing,4,
858,06-01-19,15:11:45,22,1075,ranchi,Day,-3,0,design-fixing,5,
859,10-01-19,10:28:14,22,1404,ranchi,Day,1,0,design-fixing,5,
860,29-01-19,02:08:40,22,1569,ranchi,Night,20,0,labour-malpractice,9,
861,29-01-19,03:48:10,22,1067,ranchi,Night,20,0,emboidery-inprocess,0,
862,19-01-19,12:39:14,22,1788,ranchi,Day,10,0,repair-proccess,7,
863,29-01-19,13:35:58,22,1315,ranchi,Day,20,0,threading-process,6,
864,19-01-19,14:04:21,22,1865,ranchi,Day,10,0,machine-malfunction,10,
865,04-01-19,19:03:53,22,1857,ranchi,Night,-5,0,labour-malpractice,9,
866,29-01-19,14:41:56,22,1450,ranchi,Day,20,0,emboidery-inprocess,0,
867,02-01-19,11:17:55,22,1800,ranchi,Day,-7,0,emboidery-inprocess,0,
868,14-01-19,02:14:54,22,1423,ranchi,Night,5,0,machine-malfunction,10,
869,01-02-19,11:39:15,22,1536,ranchi,Day,23,0,normal-operation,2,
870,23-01-19,10:25:07,22,1492,ranchi,Day,14,0,emboidery-inprocess,0,
871,17-01-19,22:14:34,22,1385,ranchi,Night,8,0,normal-operation,2,
872,12-01-19,01:15:55,22,1582,ranchi,Night,3,0,normal-operation,2,
873,09-01-19,01:30:57,22,1152,ranchi,Night,0,0,normal-operation,2,
874,08-01-19,13:37:40,22,1720,ranchi,Day,-1,0,repair-proccess,7,
875,05-01-19,02:07:04,22,1808,ranchi,Night,-4,0,normal-operation,2,
876,18-01-19,15:51:54,22,1129,ranchi,Day,9,0,labour-malpractice,9,
877,06-01-19,18:15:18,22,1595,ranchi,Night,-3,0,material-fixing,4,
878,15-01-19,18:34:11,22,1224,ranchi,Night,6,0,ear-safety,1,
879,26-01-19,22:14:06,22,1743,ranchi,Night,17,0,repair-proccess,7,
880,09-01-19,03:01:29,23,1854,sikar,Night,0,0,labour-malpractice,9,
881,05-01-19,09:57:38,23,1645,sikar,Day,-4,0,material-fixing,4,
882,16-01-19,08:41:55,23,1086,sikar,Day,7,0,emboidery-inprocess,0,
883,03-01-19,22:48:31,23,1333,sikar,Night,-6,0,labour-malpractice,9,
884,23-01-19,14:40:30,23,1873,sikar,Day,14,0,labour-malpractice,9,
885,17-01-19,01:44:02,23,1457,sikar,Night,8,0,design-fixing,5,
886,01-01-19,01:16:27,23,1765,sikar,Night,-8,0,design-fixing,5,
887,31-01-19,01:06:14,23,1849,sikar,Night,22,0,ear-safety,1,
888,30-01-19,14:40:52,23,1374,sikar,Day,21,0,labour-malpractice,9,
889,13-01-19,08:13:08,23,1007,sikar,Day,4,0,threading-process,6,
890,25-01-19,13:35:29,23,1789,sikar,Day,16,0,material-fixing,4,
891,28-01-19,18:36:43,23,1497,sikar,Night,19,0,normal-operation,2,
892,11-01-19,12:24:01,23,1001,sikar,Day,2,0,ear-safety,1,
893,03-01-19,01:55:40,23,1012,sikar,Night,-6,0,normal-operation,2,
894,15-01-19,09:05:12,23,1431,sikar,Day,6,0,material-fixing,4,
895,02-01-19,09:41:36,23,1395,sikar,Day,-7,0,design-fixing,5,
896,26-01-19,18:19:13,23,1169,sikar,Night,17,0,ear-safety,1,
897,01-02-19,15:57:00,23,1192,sikar,Day,23,0,design-fixing,5,
898,03-01-19,03:55:28,23,1061,sikar,Night,-6,0,labour-malpractice,9,
899,22-01-19,08:56:20,23,1864,sikar,Day,13,0,emboidery-inprocess,0,
900,03-01-19,02:53:53,23,1511,sikar,Night,-6,0,threading-process,6,
901,02-01-19,01:18:52,23,1609,sikar,Night,-7,0,repair-proccess,7,
902,18-01-19,10:08:16,23,1759,sikar,Day,9,0,normal-operation,2,
903,11-01-19,09:56:36,23,1112,sikar,Day,2,0,threading-process,6,
904,23-01-19,19:26:48,23,1797,sikar,Night,14,0,emboidery-inprocess,0,
905,29-01-19,09:45:07,23,1133,sikar,Day,20,0,material-fixing,4,
906,12-01-19,18:18:42,23,1672,sikar,Night,3,0,machine-malfunction,10,
907,14-01-19,18:39:01,23,1490,sikar,Night,5,0,emboidery-inprocess,0,
908,18-01-19,20:49:42,23,1513,sikar,Night,9,0,material-fixing,4,
909,31-01-19,19:23:18,23,1005,sikar,Night,22,0,repair-proccess,7,
910,12-01-19,10:31:10,23,1142,sikar,Day,3,0,machine-malfunction,10,
911,14-01-19,19:28:21,23,1656,sikar,Night,5,0,normal-operation,2,
912,23-01-19,13:36:10,23,1141,sikar,Day,14,0,normal-operation,2,
913,04-01-19,23:19:36,23,1330,sikar,Night,-5,0,labour-malpractice,9,
914,19-01-19,13:27:10,23,1044,sikar,Day,10,0,repair-proccess,7,
915,02-01-19,20:04:49,23,1064,sikar,Night,-7,0,material-fixing,4,
916,15-01-19,01:48:11,23,1123,sikar,Night,6,0,emboidery-inprocess,0,
917,04-01-19,02:54:36,23,1608,sikar,Night,-5,0,ear-safety,1,
918,26-01-19,09:56:42,23,1450,sikar,Day,17,0,repair-proccess,7,
919,12-01-19,20:01:25,23,1959,sikar,Night,3,0,material-fixing,4,
920,22-01-19,13:08:06,24,1536,thrissur,Day,13,0,emboidery-inprocess,0,
921,19-01-19,02:24:50,24,1882,thrissur,Night,10,0,ear-safety,1,
922,26-01-19,11:29:07,24,1762,thrissur,Day,17,0,ear-safety,1,
923,23-01-19,09:05:41,24,1568,thrissur,Day,14,0,material-fixing,4,
924,20-01-19,23:36:07,24,1594,thrissur,Night,11,0,emboidery-inprocess,0,
925,25-01-19,09:54:54,24,1346,thrissur,Day,16,0,ear-safety,1,
926,10-01-19,22:18:18,24,1194,thrissur,Night,1,0,material-fixing,4,
927,01-02-19,20:05:10,24,1334,thrissur,Night,23,0,material-fixing,4,
928,22-01-19,19:26:33,24,1575,thrissur,Night,13,0,machine-malfunction,10,
929,28-01-19,01:54:53,24,1898,thrissur,Night,19,0,threading-process,6,
930,19-01-19,22:45:09,24,1943,thrissur,Night,10,0,ear-safety,1,
931,25-01-19,15:42:50,24,1698,thrissur,Day,16,0,labour-malpractice,9,
932,18-01-19,23:09:54,24,1698,thrissur,Night,9,0,labour-malpractice,9,
933,04-01-19,03:46:11,24,1788,thrissur,Night,-5,0,emboidery-inprocess,0,
934,29-01-19,19:45:37,24,1543,thrissur,Night,20,0,emboidery-inprocess,0,
935,01-01-19,20:57:42,24,1518,thrissur,Night,-8,0,emboidery-inprocess,0,
936,20-01-19,20:51:52,24,1610,thrissur,Night,11,0,normal-operation,2,
937,03-01-19,21:14:32,24,1315,thrissur,Night,-6,0,emboidery-inprocess,0,
938,01-01-19,18:46:27,24,1656,thrissur,Night,-8,0,emboidery-inprocess,0,
939,12-01-19,11:12:39,24,1310,thrissur,Day,3,0,emboidery-inprocess,0,
940,19-01-19,02:59:28,24,1330,thrissur,Night,10,0,material-fixing,4,
941,20-01-19,01:36:40,24,1265,thrissur,Night,11,0,ear-safety,1,
942,02-01-19,12:03:27,24,1577,thrissur,Day,-7,0,repair-proccess,7,
943,02-01-19,09:46:36,24,1111,thrissur,Day,-7,0,emboidery-inprocess,0,
944,01-01-19,20:40:29,24,1034,thrissur,Night,-8,0,normal-operation,2,
945,03-01-19,20:49:03,24,1710,thrissur,Night,-6,0,ear-safety,1,
946,29-01-19,18:47:34,24,1664,thrissur,Night,20,0,normal-operation,2,
947,06-01-19,02:24:27,24,1898,thrissur,Night,-3,0,material-fixing,4,
948,02-01-19,11:56:50,24,1718,thrissur,Day,-7,0,machine-malfunction,10,
949,14-01-19,01:49:49,24,1162,thrissur,Night,5,0,emboidery-inprocess,0,
950,24-01-19,03:44:11,24,1519,thrissur,Night,15,0,machine-malfunction,10,
951,10-01-19,13:15:34,24,1781,thrissur,Day,1,0,design-fixing,5,
952,31-01-19,01:23:23,24,1826,thrissur,Night,22,0,emboidery-inprocess,0,
953,07-01-19,01:12:20,24,1363,thrissur,Night,-2,0,machine-malfunction,10,
954,21-01-19,02:48:42,24,1338,thrissur,Night,12,0,threading-process,6,
955,02-01-19,10:48:37,24,1383,thrissur,Day,-7,0,threading-process,6,
956,10-01-19,13:41:17,24,1603,thrissur,Day,1,0,design-fixing,5,
957,19-01-19,01:54:19,24,1585,thrissur,Night,10,0,emboidery-inprocess,0,
958,17-01-19,08:20:31,24,1080,thrissur,Day,8,0,ear-safety,1,
959,15-01-19,13:20:37,24,1069,thrissur,Day,6,0,design-fixing,5,
960,17-01-19,08:45:17,25,1910,visakhapatnam,Day,8,0,repair-proccess,7,
961,16-01-19,12:21:28,25,1700,visakhapatnam,Day,7,0,machine-malfunction,10,
962,25-01-19,12:30:47,25,1282,visakhapatnam,Day,16,0,labour-malpractice,9,
963,09-01-19,09:18:15,25,1225,visakhapatnam,Day,0,0,material-fixing,4,
964,11-01-19,03:17:11,25,1352,visakhapatnam,Night,2,0,design-fixing,5,
965,18-01-19,02:08:02,25,1791,visakhapatnam,Night,9,0,machine-malfunction,10,
966,14-01-19,19:24:23,25,1016,visakhapatnam,Night,5,0,repair-proccess,7,
967,12-01-19,22:11:45,25,1944,visakhapatnam,Night,3,0,repair-proccess,7,
968,23-01-19,03:36:00,25,1857,visakhapatnam,Night,14,0,material-fixing,4,
969,18-01-19,03:42:08,25,1035,visakhapatnam,Night,9,0,threading-process,6,
970,17-01-19,10:08:23,25,1946,visakhapatnam,Day,8,0,ear-safety,1,
971,28-01-19,22:17:48,25,1830,visakhapatnam,Night,19,0,machine-malfunction,10,
972,21-01-19,19:32:58,25,1752,visakhapatnam,Night,12,0,ear-safety,1,
973,11-01-19,01:51:45,25,1591,visakhapatnam,Night,2,0,ear-safety,1,
974,11-01-19,02:34:46,25,1750,visakhapatnam,Night,2,0,machine-malfunction,10,
975,05-01-19,02:39:57,25,1121,visakhapatnam,Night,-4,0,material-fixing,4,
976,08-01-19,01:30:12,25,1000,visakhapatnam,Night,-1,0,normal-operation,2,
977,01-02-19,18:46:57,25,1386,visakhapatnam,Night,23,0,emboidery-inprocess,0,
978,02-01-19,19:17:18,25,1276,visakhapatnam,Night,-7,0,repair-proccess,7,
979,20-01-19,20:26:42,25,1465,visakhapatnam,Night,11,0,machine-malfunction,10,
980,12-01-19,14:18:01,25,1221,visakhapatnam,Day,3,0,normal-operation,2,
981,27-01-19,18:01:09,25,1992,visakhapatnam,Night,18,0,machine-malfunction,10,
982,30-01-19,10:42:00,25,1057,visakhapatnam,Day,21,0,labour-malpractice,9,
983,18-01-19,03:12:13,25,1183,visakhapatnam,Night,9,0,material-fixing,4,
984,25-01-19,15:14:48,25,1721,visakhapatnam,Day,16,0,threading-process,6,
985,12-01-19,02:29:32,25,1731,visakhapatnam,Night,3,0,machine-malfunction,10,
986,27-01-19,11:23:10,25,1722,visakhapatnam,Day,18,0,material-fixing,4,
987,09-01-19,19:03:09,25,1270,visakhapatnam,Night,0,0,threading-process,6,
988,31-01-19,15:01:45,25,1022,visakhapatnam,Day,22,0,labour-malpractice,9,
989,06-01-19,19:22:30,25,1720,visakhapatnam,Night,-3,0,material-fixing,4,
990,17-01-19,10:12:43,25,1110,visakhapatnam,Day,8,0,threading-process,6,
991,11-01-19,18:30:03,25,1214,visakhapatnam,Night,2,0,labour-malpractice,9,
992,15-01-19,12:34:46,25,1330,visakhapatnam,Day,6,0,normal-operation,2,
993,24-01-19,11:25:22,25,1978,visakhapatnam,Day,15,0,design-fixing,5,
994,30-01-19,03:39:38,25,1210,visakhapatnam,Night,21,0,ear-safety,1,
995,20-01-19,20:02:30,25,1064,visakhapatnam,Night,11,0,normal-operation,2,
996,09-01-19,03:36:34,25,1051,visakhapatnam,Night,0,0,normal-operation,2,
997,07-01-19,11:01:11,25,1043,visakhapatnam,Day,-2,0,normal-operation,2,
998,01-02-19,21:04:49,25,1235,visakhapatnam,Night,23,0,normal-operation,2,
999,12-01-19,18:33:34,25,1711,visakhapatnam,Night,3,0,design-fixing,5,
